Timestamp,Visit Date,Demographics,Tops,Collared Shirts,Sweaters,Pants,Skirts,Shorts,Dresses,Outerwear,Shoes,Accessories,Experience Rating,Did you bring donations with you today?
1/17/2025 12:07:12,1/17/2025,Undergraduate,1,,1,,,,1,,,1,5,No
1/17/2025 12:07:32,1/17/2025,Undergraduate,1,,,,,,1,,,1,5,No
1/17/2025 12:14:23,1/17/2025,Undergraduate,,,1,,1,,,,,,5,Yes
1/17/2025 12:18:13,1/17/2025,Undergraduate,,1,1,,,,,,,,5,No
1/17/2025 12:22:40,1/17/2025,Undergraduate,1,,,,,,1,,,1,5,No
1/17/2025 12:24:30,1/17/2025,Undergraduate,,,1,,,,,1,,,5,Yes
1/17/2025 12:26:17,1/17/2025,Graduate,4,2,2,2,,2,,2,3,1,5,Yes
1/17/2025 12:36:53,1/17/2025,Graduate,3,,,1,,,,,,,5,No
1/17/2025 12:52:48,1/17/2025,Undergraduate,1,,,,,,,,,2,5,No
1/17/2025 12:57:27,1/17/2025,Undergraduate,,2,1,,1,,1,,,2,5,Yes
1/17/2025 12:58:03,1/17/2025,Undergraduate,2,,,3,,,,,1,3,5,No
1/17/2025 13:06:39,1/17/2025,Undergraduate,,,1,,,,,,1,,5,Yes
1/17/2025 13:14:23,1/17/2025,Undergraduate,,,,1,1,,,,,1,5,No
1/17/2025 13:14:54,1/17/2025,Undergraduate,,,,,,,1,1,,2,5,No
1/17/2025 13:23:45,1/17/2025,Undergraduate,,,,1,,,,,,,5,No
1/17/2025 13:28:41,1/17/2025,Undergraduate,,,1,,,,,,,3,5,No
1/17/2025 13:29:36,1/17/2025,Undergraduate,1,,,,,,,,,,5,No
1/17/2025 13:45:17,1/17/2025,Undergraduate,2,1,,,1,,,,1,,5,No
1/17/2025 13:45:40,1/17/2025,Undergraduate,1,1,1,,,,,,2,,5,Donated at blue bin
1/17/2025 13:48:10,1/17/2025,Undergraduate,1,,1,,,,,,,,5,No
1/17/2025 13:49:15,1/17/2025,Undergraduate,,,,,,,,,1,1,5,No
1/17/2025 13:54:30,1/17/2025,Undergraduate,,,1,,,,,,,,5,No
1/17/2025 14:02:49,1/17/2025,Undergraduate,1,,1,,,,,,,1,4,No
1/17/2025 14:30:26,1/17/2025,Undergraduate,,,,,1,,,,,,5,Donated at blue bin
1/17/2025 14:31:14,1/17/2025,Undergraduate,,,3,,,,,1,,,4,Yes
1/17/2025 14:59:33,1/17/2025,Undergraduate,,,2,,,,,,,,5,Yes
1/17/2025 15:00:01,1/17/2025,Undergraduate,1,,,,,,,,,,5,Donated at blue bin
1/17/2025 15:00:55,1/17/2025,Undergraduate,1,,,,,,,,,,4,Yes
1/17/2025 15:01:19,1/17/2025,Undergraduate,3,,,,,,1,,,,5,Yes
1/17/2025 15:01:59,1/17/2025,Undergraduate,,,,,,,,1,,,5,Yes
1/17/2025 15:02:21,1/17/2025,Undergraduate,,,1,,,,,,,,5,No
1/17/2025 15:02:41,1/17/2025,Undergraduate,,,,1,,,,,,,5,No
1/17/2025 15:32:59,1/17/2025,Undergraduate,3,,,,,,,1,,,5,No
1/17/2025 15:56:38,1/17/2025,Graduate,2,,1,,,,,,,,5,Yes
1/24/2025 10:24:47,1/24/2025,Undergraduate,,,,1,,,,,,,5,Donated at blue bin
1/24/2025 10:25:44,1/24/2025,Undergraduate,,1,,,,,,,,,5,Donated at blue bin
1/24/2025 11:22:14,1/24/2025,Undergraduate,1,,,,,,,,2,1,5,No
1/24/2025 11:22:42,1/24/2025,Undergraduate,3,1,,1,,,,,,1,4,No
1/24/2025 11:23:53,1/24/2025,Undergraduate,2,,,,,,,,,,5,Donated at blue bin
1/24/2025 11:24:50,1/24/2025,Undergraduate,2,1,,,,,1,,,,5,No
1/24/2025 11:34:47,1/24/2025,Undergraduate,,2,,1,,,,1,,,5,No
1/24/2025 11:44:24,1/24/2025,Undergraduate,,,2,,,,,,,,5,No
1/24/2025 11:47:03,1/24/2025,Undergraduate,4,,,,,,,,,,5,Yes
1/24/2025 12:45:30,1/24/2025,Undergraduate,2,,,3,,,,,1,2,5,Yes
1/24/2025 12:46:07,1/24/2025,Undergraduate,,,,2,,,1,,2,,5,Yes
1/24/2025 12:47:06,1/24/2025,Graduate,,,,1,,,2,1,,1,5,No
1/24/2025 12:50:06,1/24/2025,Undergraduate,2,,,,,,1,,,,5,No
1/24/2025 13:02:41,1/24/2025,Graduate,3,,1,,,,,1,,1,5,No
1/24/2025 13:07:50,1/24/2025,Undergraduate,1,,1,1,1,,1,,,,5,Donated at blue bin
1/24/2025 13:22:18,1/24/2025,Undergraduate,1,,1,,,,,,,,5,Yes
1/24/2025 13:22:43,1/24/2025,Undergraduate,2,,,,,,,1,,,5,Yes
1/24/2025 13:25:13,1/24/2025,Undergraduate,,,,1,,,,,,,3,Yes
1/24/2025 13:25:23,1/24/2025,Undergraduate,3,,,,,,,,,,5,Yes
1/24/2025 13:38:17,1/24/2025,Undergraduate,,,,1,,,,,,,5,Yes
1/24/2025 13:43:45,1/24/2025,Undergraduate,,,,,,,,,,1,5,No
1/24/2025 13:51:51,1/24/2025,Undergraduate,,,1,,,1,1,,,,5,No
1/24/2025 13:51:56,1/24/2025,Undergraduate,,,4,,,,,,,,5,No
1/24/2025 13:55:34,1/24/2025,Undergraduate,,,1,,1,,,,1,,5,Yes
1/24/2025 13:55:58,1/24/2025,Undergraduate,1,1,1,1,,,1,,,,5,Yes
1/24/2025 14:10:21,1/24/2025,Undergraduate,4,4,4,4,4,4,4,4,4,8,4,Donated at blue bin
1/24/2025 14:11:34,1/24/2025,Undergraduate,2,1,,,,,,,,1,5,Donated at blue bin
1/24/2025 14:12:41,1/24/2025,Undergraduate,3,,2,,1,,,,,,5,No
1/24/2025 14:13:04,1/24/2025,Undergraduate,4,,2,7,,,,1,,3,5,No
1/24/2025 15:23:12,1/24/2025,Undergraduate,,,,,,,,,,2,5,No
1/24/2025 15:41:24,1/24/2025,Undergraduate,1,,,1,,,,,,,5,No
1/24/2025 15:48:37,1/24/2025,Graduate,2,,2,,,,,,,,5,No
1/24/2025 15:51:57,1/24/2025,Graduate,,,,2,,,,,,,5,Yes
1/31/2025 10:41:33,1/31/2025,Undergraduate,,,2,,,,,,,,5,No
1/31/2025 15:32:11,1/31/2025,Undergraduate,1,,,,,,2,,,,5,No
1/31/2025 10:49:49,1/31/2025,Undergraduate,,,1,,,,1,,,,5,No
1/31/2025 11:00:30,1/31/2025,Undergraduate,1,,1,1,,,,,,,5,Yes
1/31/2025 11:01:58,1/31/2025,Undergraduate,,,,,,,,,,1,5,Yes
1/31/2025 11:08:00,1/31/2025,Undergraduate,,,1,,,,,,,,5,No
1/31/2025 11:26:17,1/31/2025,Undergraduate,,3,,,1,,1,,,,5,Donated at blue bin
1/31/2025 11:27:31,1/31/2025,Undergraduate,1,,,,,,1,,,1,5,No
1/31/2025 11:35:40,1/31/2025,Graduate,,,,,1,,,,,,5,No
1/31/2025 12:40:06,1/31/2025,Undergraduate,1,,,,,,,,,,5,Donated at blue bin
1/31/2025 12:41:04,1/31/2025,Undergraduate,,1,,,,,,,,,5,Yes
1/31/2025 12:51:19,1/31/2025,Undergraduate,,1,,1,,,,,,,5,Yes
1/31/2025 12:58:23,1/31/2025,Undergraduate,1,,1,,1,,,,,,5,No
1/31/2025 12:59:30,1/31/2025,Undergraduate,1,,,,1,,,,1,,5,No
1/31/2025 12:59:56,1/31/2025,Undergraduate,,,,,,,1,,,,5,No
1/31/2025 13:07:28,1/31/2025,Graduate,1,,,1,,,2,,,1,5,Yes
1/31/2025 13:13:43,1/31/2025,Undergraduate,1,,,,,,,,,1,5,Donated at blue bin
1/31/2025 13:15:24,1/31/2025,Undergraduate,1,,,,,,,,,,5,No
1/31/2025 13:16:23,1/31/2025,Non-GW-affiliated community member,,,,,,,,,1,,5,No
1/31/2025 13:17:24,1/31/2025,Undergraduate,,,,1,,,,1,,,5,No
1/31/2025 13:28:56,1/31/2025,Undergraduate,,,,,1,,,,,,5,No
1/31/2025 13:29:40,1/31/2025,Undergraduate,1,,,,1,,2,,,,5,No
1/31/2025 13:37:09,1/31/2025,Undergraduate,1,,,,,,,,,1,5,No
1/31/2025 13:38:19,1/31/2025,Undergraduate,1,,,,,,,,,,5,Yes
1/31/2025 14:18:02,1/31/2025,Graduate,,,,,,,,1,,,5,Yes
1/31/2025 14:44:26,1/31/2025,Undergraduate,,2,,,,,,,,,5,No
1/31/2025 14:56:23,1/31/2025,Undergraduate,,,1,1,,,,,,,5,Yes
1/31/2025 14:58:26,1/31/2025,Undergraduate,,,1,1,1,,,,,,5,No
1/31/2025 15:03:09,1/31/2025,Undergraduate,,,2,,,,,,,,5,No
1/31/2025 15:05:33,1/31/2025,Undergraduate,,,,,1,,,,,,5,Yes
1/31/2025 15:09:17,1/31/2025,Undergraduate,7,,1,1,,1,1,,1,,5,Yes
1/31/2025 15:14:26,1/31/2025,Undergraduate,,,1,,,,,,,,5,No
1/31/2025 15:20:23,1/31/2025,Undergraduate,2,,,,,,,,,,5,No
1/31/2025 15:28:33,1/31/2025,Graduate,2,1,1,2,,,,,1,,5,No
1/31/2025 15:31:59,1/31/2025,Undergraduate,,,1,,,,,,,,3,No
1/31/2025 15:35:03,1/31/2025,Undergraduate,,1,,,,,,,,,5,No
1/31/2025 15:41:38,1/31/2025,Undergraduate,,1,,,,,1,2,,2,5,No
1/31/2025 15:47:38,1/31/2025,Undergraduate,2,,,,,,1,,,,5,No
1/31/2025 15:50:24,1/31/2025,Undergraduate,,1,1,,,,,,1,,5,Yes
1/31/2025 16:00:10,1/31/2025,Staff,3,,,,,,,,,,5,No
1/31/2025 16:00:55,1/31/2025,Staff,2,,,,,,1,,,,5,No
2/7/2025 12:31:48,2/7/2025,Undergraduate,1,,,,,,1,,,,5,No
2/7/2025 10:37:08,2/7/2025,Undergraduate,2,,,2,,,,,,,5,Yes
2/7/2025 10:37:44,2/7/2025,Undergraduate,1,,,,1,,1,,,,5,Yes
2/7/2025 10:44:32,2/7/2025,Undergraduate,,,,2,,,,,,,4,No
2/7/2025 11:28:11,2/7/2025,Undergraduate,1,,,1,,,,,,,5,No
2/7/2025 11:32:54,2/7/2025,Undergraduate,2,2,1,1,1,1,1,1,1,1,5,Yes
2/7/2025 12:08:45,2/7/2025,Graduate,1,,,,,,,1,,,5,No
2/7/2025 12:31:28,2/7/2025,Undergraduate,1,,1,,,,,,,,3,No
2/7/2025 12:43:44,2/7/2025,Undergraduate,,,,1,,,,,,,5,No
2/7/2025 13:10:22,2/7/2025,Graduate,3,,1,1,,,,,,,5,Yes
2/7/2025 13:19:23,2/7/2025,Undergraduate,1,,1,,,,,,,,5,Yes
2/7/2025 14:11:38,2/7/2025,Undergraduate,,,,,,,1,,,,5,Yes
2/7/2025 14:20:01,2/7/2025,Undergraduate,,,,1,,,,,,,5,Yes
2/7/2025 14:21:32,2/7/2025,Undergraduate,,,,1,,,,,1,,5,No
2/7/2025 14:24:19,2/7/2025,Undergraduate,1,,1,,1,,,,,,5,Yes
2/7/2025 14:30:31,2/7/2025,Undergraduate,,,1,,,,2,,,,5,No
2/7/2025 14:58:23,2/7/2025,Undergraduate,3,1,,,,,,,,1,5,Yes
2/7/2025 14:59:21,2/7/2025,Undergraduate,1,,1,,,1,,,,,4,Yes
2/7/2025 15:00:24,2/7/2025,Graduate,2,,1,,,,,,,1,5,Donated at blue bin
2/7/2025 15:01:04,2/7/2025,Graduate,1,,,,,,,2,,2,5,No
2/7/2025 15:07:00,2/7/2025,Undergraduate,2,,,,,,,,,,5,No
2/7/2025 15:07:26,2/7/2025,Undergraduate,1,,,,,,1,,,,5,No
2/7/2025 15:20:36,2/7/2025,Undergraduate,1,,1,,,,,,,,5,No
2/7/2025 15:32:35,2/7/2025,Undergraduate,,1,,,,,,,,1,5,No
2/7/2025 15:37:40,2/7/2025,Undergraduate,3,1,1,3,,2,,1,,,5,Yes
2/7/2025 15:38:27,2/7/2025,Undergraduate,,,,,,,,,,2,5,Yes
2/7/2025 15:40:23,2/7/2025,Undergraduate,1,,,,,,,,,,5,No
2/14/2025 11:29:45,2/14/2025,Undergraduate,,,1,,1,,,,,,4,Yes
2/14/2025 11:30:22,2/14/2025,Undergraduate,,,1,,,,,,,3,5,No
2/14/2025 11:33:14,2/14/2025,Graduate,1,,3,,,,1,,1,,5,Yes
2/14/2025 12:15:02,2/14/2025,Undergraduate,1,,,3,,,1,,,,5,No
2/14/2025 12:20:38,2/14/2025,Undergraduate,4,,,,,,1,,,,5,No
2/14/2025 12:34:40,2/14/2025,Undergraduate,3,,2,1,,,1,,,1,5,Yes
2/14/2025 12:36:08,2/14/2025,Undergraduate,,1,,1,,,,,,,5,No
2/14/2025 13:03:08,2/14/2025,Undergraduate,4,,1,1,,,,,,,5,Yes
2/14/2025 13:04:18,2/14/2025,Graduate,3,,1,3,,,,,,2,5,Yes
2/14/2025 13:16:15,2/14/2025,Undergraduate,2,,3,,,,,,,,5,Yes
2/14/2025 13:17:08,2/14/2025,Graduate,,,,1,,,1,,,,5,Donated at blue bin
2/14/2025 13:36:11,2/14/2025,Undergraduate,1,,,,,,1,,,,5,Yes
2/14/2025 13:38:39,2/14/2025,Undergraduate,2,1,,,,,,,,,5,No
2/14/2025 13:39:49,2/14/2025,Undergraduate,2,,1,,,,1,,1,,5,No
2/14/2025 13:40:38,2/14/2025,Undergraduate,1,,2,1,,,,,,,5,No
2/14/2025 13:42:29,2/14/2025,Undergraduate,2,3,,,,,,,,,4,No
2/14/2025 13:43:19,2/14/2025,Undergraduate,,,,,1,,,,,,5,No
2/14/2025 13:44:10,2/14/2025,Undergraduate,,1,,,,1,,,,,5,No
2/14/2025 13:52:05,2/14/2025,Undergraduate,2,,,,2,,,,,,5,No
2/14/2025 14:34:23,2/14/2025,Undergraduate,,,,,,,,1,,,5,No
2/14/2025 14:48:36,2/14/2025,Undergraduate,4,,1,,,,,,,,5,Donated at blue bin
2/14/2025 15:00:21,2/14/2025,Undergraduate,3,,2,,,,1,,,,5,No
2/14/2025 15:08:15,2/14/2025,Undergraduate,,,,,,,2,,,,5,No
2/14/2025 15:08:49,2/14/2025,Undergraduate,,,1,1,,,,,,,5,Yes
2/14/2025 15:27:12,2/14/2025,Undergraduate,,1,,,,,,,,,5,No
2/14/2025 15:37:26,2/14/2025,Undergraduate,1,,,1,1,,1,,,,5,Donated at blue bin
2/14/2025 15:40:50,2/14/2025,Graduate,,,2,1,,,,,,1,4,Yes
2/14/2025 15:52:18,2/14/2025,Undergraduate,2,,3,,,,,,,,5,Donated at blue bin
2/14/2025 15:53:53,2/14/2025,Undergraduate,,,,,1,,,,,,5,Donated at blue bin
2/14/2025 15:58:56,2/14/2025,Undergraduate,,,,1,1,,,,,,5,Yes
2/14/2025 16:19:49,2/14/2025,Undergraduate,1,,1,3,,1,,1,1,,5,Donated at blue bin
2/14/2025 16:22:24,2/14/2025,Undergraduate,2,,,,,1,,,,,5,No
2/21/2025 10:23:09,2/21/2025,Undergraduate,1,,,,,,1,,,,5,Yes
2/21/2025 10:24:25,2/21/2025,Undergraduate,,,2,,,,,,,,4,Yes
2/21/2025 11:58:58,2/21/2025,Undergraduate,3,,,,,1,,,,,5,Yes
2/21/2025 12:29:05,2/21/2025,Undergraduate,,,,2,,,,,,,5,Yes
2/21/2025 12:32:58,2/21/2025,Undergraduate,2,,,,1,,,,,1,5,Yes
2/21/2025 12:35:24,2/21/2025,Undergraduate,1,,1,,,1,,,,,5,Yes
2/21/2025 12:46:55,2/21/2025,Graduate,2,,,2,1,,,,,,5,Yes
2/21/2025 12:51:35,2/21/2025,Undergraduate,2,,,,,,2,,,,5,Yes
2/21/2025 13:07:55,2/21/2025,Undergraduate,2,,,,,,1,,,,5,No
2/21/2025 13:12:25,2/21/2025,Undergraduate,2,,1,2,,,1,,,,5,Donated at blue bin
2/21/2025 13:13:32,2/21/2025,Undergraduate,,,,2,,,,,,,5,Yes
2/21/2025 13:17:17,2/21/2025,Undergraduate,,,,,1,,,,,,5,No
2/21/2025 13:38:10,2/21/2025,Undergraduate,,2,,,,,,1,,,5,Yes
2/21/2025 14:01:49,2/21/2025,Undergraduate,2,,1,,,,,,,3,5,Yes
2/21/2025 14:08:06,2/21/2025,Undergraduate,,,2,,,,,,,,5,No
2/21/2025 14:27:44,2/21/2025,Undergraduate,,,,1,,,,,,,5,Yes
2/21/2025 15:19:32,2/21/2025,Undergraduate,1,,1,,,,,,,,5,No
2/21/2025 15:20:56,2/21/2025,Staff,,,,,,,,1,,,5,No
2/21/2025 15:21:41,2/21/2025,Undergraduate,3,1,1,,,,,,,,5,No
2/21/2025 15:23:47,2/21/2025,Undergraduate,4,,,1,,,,1,1,,5,No
2/21/2025 15:44:02,2/21/2025,Graduate,1,,,,,2,1,1,,,5,Yes
2/21/2025 15:45:00,2/21/2025,Undergraduate,1,1,1,1,,,,,,,5,No
2/21/2025 15:48:52,2/21/2025,Undergraduate,,1,2,3,,,,1,1,,5,Donated at blue bin
2/21/2025 16:00:01,2/21/2025,Undergraduate,,,3,,,,,,,,5,No
2/21/2025 13:14:11,2/21/2025,Undergraduate,1,,2,,,,,,,,5,No
2/21/2025 14:08:58,2/21/2025,Undergraduate,1,,,,,,,,,,5,No
2/21/2025 14:28:38,2/21/2025,Undergraduate,1,,,,,,,,,,5,Yes
2/21/2025 15:21:38,2/21/2025,Undergraduate,2,2,2,,,,,,1,,5,No
2/21/2025 15:23:25,2/21/2025,Undergraduate,1,,1,,,,,,,,4,No
2/25/2025 15:42:41,2/25/2025,Graduate,1,,,1,,1,,1,,,5,No
2/25/2025 15:51:20,2/25/2025,Undergraduate,,,,1,,,,1,,,5,No
2/25/2025 16:28:26,2/25/2025,Undergraduate,4,,2,,,,,,,,5,Donated at blue bin
2/25/2025 16:29:37,2/25/2025,Undergraduate,2,,,2,,,1,,,,5,No
2/25/2025 16:31:11,2/25/2025,Undergraduate,1,1,,1,,,,,,,5,Donated at blue bin
2/25/2025 16:35:00,2/25/2025,Graduate,1,,,,1,,1,,,,5,Yes
2/25/2025 16:41:18,2/25/2025,Undergraduate,,3,,1,,,2,1,,,5,Donated at blue bin
2/25/2025 17:34:00,2/25/2025,Undergraduate,,1,,,1,,,,,1,5,No
2/25/2025 17:43:05,2/25/2025,Undergraduate,2,2,,4,,,,1,,,5,Yes
2/25/2025 17:47:40,2/25/2025,Undergraduate,1,,1,1,,2,,,,,5,No
2/25/2025 17:53:27,2/25/2025,Undergraduate,,,,1,3,,,,,1,5,No
2/25/2025 17:47:26,2/25/2025,Undergraduate,1,,,,,,,,,,5,Donated at blue bin
2/26/2025 17:52:39,2/26/2025,Graduate,,,,,,,,,,1,5,No
2/28/2025 10:31:52,2/28/2025,Undergraduate,1,,,,,,,,,,4,No
2/28/2025 11:14:07,2/28/2025,Graduate,,,,,,,,,,1,5,Yes
2/28/2025 11:50:14,2/28/2025,Undergraduate,2,,,,,,,,,,5,No
2/28/2025 11:51:46,2/28/2025,Graduate,3,,,1,,,,1,,,5,No
2/28/2025 11:56:12,2/28/2025,Graduate,4,,2,,,,,,2,,5,Donated at blue bin
2/28/2025 11:59:56,2/28/2025,Undergraduate,1,,,,1,1,,,,1,5,Yes
2/28/2025 12:01:14,2/28/2025,Undergraduate,1,,,1,,,,,,,5,Donated at blue bin
2/28/2025 12:04:04,2/28/2025,Undergraduate,,,,,,,1,,1,,5,No
2/28/2025 12:20:25,2/28/2025,Undergraduate,,,1,1,,,,1,,2,5,Yes
2/28/2025 12:41:03,2/28/2025,Undergraduate,2,,1,2,,,,,,1,5,Donated at blue bin
2/28/2025 13:01:40,2/28/2025,Undergraduate,1,2,,,,,,,,,5,No
2/28/2025 13:37:08,2/28/2025,Undergraduate,1,,1,1,,,,,,,5,No
2/28/2025 14:05:53,2/28/2025,Undergraduate,,2,,,,,,,,,5,No
2/28/2025 14:18:40,2/28/2025,Undergraduate,1,,,,,1,,,,,5,No
2/28/2025 14:48:08,2/28/2025,Undergraduate,,1,2,,,,2,,,1,5,Yes
2/28/2025 14:50:47,2/28/2025,Undergraduate,1,1,,2,,,1,,,,5,Yes
2/28/2025 15:03:20,2/28/2025,Undergraduate,1,,,,,,,,,,5,Yes
2/28/2025 15:15:44,2/28/2025,Undergraduate,,,,1,,,,,,,5,No
2/28/2025 15:21:26,2/28/2025,Undergraduate,2,,,,,,1,,,1,5,No
2/28/2025 15:29:24,2/28/2025,Undergraduate,,,2,,,,,,,,5,Yes
2/28/2025 15:30:52,2/28/2025,Undergraduate,1,,,,,,,,,,5,No
2/28/2025 15:32:11,2/28/2025,Undergraduate,,,,1,,,,,,,5,Yes
2/28/2025 15:37:20,2/28/2025,Undergraduate,,,3,,,,,,,,5,No
2/28/2025 15:38:07,2/28/2025,Undergraduate,,,,,,,,,1,,5,No
2/28/2025 15:39:38,2/28/2025,Undergraduate,1,,,,,,,,,,5,No
2/28/2025 15:40:47,2/28/2025,Undergraduate,,,,,,,,1,,,5,No
2/28/2025 15:58:41,2/28/2025,Undergraduate,2,1,1,4,,,,,,,5,Donated at blue bin
2/28/2025 13:25:01,2/28/2025,Undergraduate,,,,,2,,,1,,,5,Yes
2/28/2025 13:37:20,2/28/2025,Undergraduate,1,1,,1,,,,,,,5,No
2/28/2025 13:37:44,2/28/2025,Undergraduate,2,,,1,6,,,,,,5,No
2/28/2025 14:48:29,2/28/2025,Undergraduate,,,4,,,,1,,,1,5,Yes
2/28/2025 15:30:07,2/28/2025,Undergraduate,2,,,,,,,,,,5,Yes
2/28/2025 15:30:14,2/28/2025,Undergraduate,1,,,,,,1,,,,5,Yes
3/1/2025 11:36:12,3/1/2025,Undergraduate,,,,,,,,,,1,5,No
3/14/2025 10:56:47,3/14/2025,Graduate,1,2,,2,2,,1,1,,,5,Yes
3/14/2025 11:45:17,3/14/2025,Undergraduate,3,,,3,,,1,,,3,5,Yes
3/14/2025 11:47:10,3/14/2025,Undergraduate,2,,2,2,,,,,,,5,Yes
3/14/2025 15:48:20,3/14/2025,Undergraduate,,,,,,,,1,1,,5,Yes
3/14/2025 15:49:20,3/14/2025,Undergraduate,,,,,,,,,,1,5,Yes
3/14/2025 16:01:01,3/14/2025,Undergraduate,,1,,1,,1,2,,,1,5,Donated at blue bin
3/21/2025 12:05:34,3/21/2025,Undergraduate,2,1,,,,,,,,,5,No
3/21/2025 12:12:27,3/21/2025,Graduate,,1,1,,,,,,,,5,Yes
3/21/2025 12:27:02,3/21/2025,Undergraduate,,,,,,,,1,,1,5,No
3/21/2025 12:28:05,3/21/2025,Undergraduate,,1,,,,,,1,,,3,No
3/21/2025 12:33:42,3/21/2025,Graduate,,,1,,,,,,,,5,No
3/21/2025 12:34:55,3/21/2025,Graduate,,,,2,1,,,,,,5,No
3/21/2025 12:36:08,3/21/2025,Graduate,,,,,,,,1,,,5,No
3/21/2025 12:36:13,3/21/2025,Graduate,,1,,,,,,,,,5,No
3/21/2025 12:38:50,3/21/2025,Undergraduate,1,,,,,,,,,1,3,No
3/21/2025 12:40:25,3/21/2025,Graduate,,1,,,,,,,,,5,No
3/21/2025 13:09:53,3/21/2025,Staff,,,,,,,,2,,,5,Donated at blue bin
3/21/2025 13:17:31,3/21/2025,Staff,,,,,,,,,1,,5,No
3/21/2025 13:20:54,3/21/2025,Undergraduate,1,1,4,1,1,1,1,1,1,2,2,No
3/21/2025 13:32:36,3/21/2025,Staff,,,1,,,,,,,,5,Donated at blue bin
3/21/2025 13:57:57,3/21/2025,Undergraduate,,,1,,,,,,,,5,No
3/21/2025 13:58:47,3/21/2025,Undergraduate,,,,,,1,,,,,5,No
3/21/2025 14:30:37,3/21/2025,Undergraduate,,,1,,,,,,,,4,Yes
3/21/2025 14:31:12,3/21/2025,Undergraduate,,,,,,,1,,,,5,Yes
3/21/2025 14:58:53,3/21/2025,Undergraduate,,1,1,,,,,,,,5,Yes
3/21/2025 15:15:22,3/21/2025,Undergraduate,1,1,,,,,,,,,5,No
3/21/2025 15:17:24,3/21/2025,Graduate,2,1,,,,,,,,,5,Donated at blue bin
3/21/2025 15:17:36,3/21/2025,Undergraduate,,,,,,,1,,,,5,No
3/21/2025 15:18:33,3/21/2025,Undergraduate,,,,,,,1,,,,5,No
3/21/2025 15:18:39,3/21/2025,Undergraduate,,1,,,,,,,,,5,No
3/21/2025 15:19:35,3/21/2025,Graduate,,,,,,,1,,,,5,Donated at blue bin
3/21/2025 15:20:55,3/21/2025,Faculty,,,1,,,,1,,,,5,No
3/21/2025 15:21:38,3/21/2025,Graduate,,,1,,,,,,,,5,No
3/21/2025 15:42:41,3/21/2025,Undergraduate,,,,1,,,,,,,5,No
3/21/2025 15:44:58,3/21/2025,Non-GW-affiliated community member,,,,1,,,,,,,5,Yes
3/21/2025 15:46:48,3/21/2025,Graduate,,,,1,,,1,,,,5,No
3/28/2025 10:24:02,3/28/2025,Undergraduate,,,,,1,,,,,,5,No
3/28/2025 10:24:43,3/28/2025,Undergraduate,,,,,,,,,,,5,No
3/28/2025 10:41:03,3/28/2025,Undergraduate,,,,,,,2,,,,5,No
3/28/2025 10:55:12,3/28/2025,Graduate,3,,,2,,,,,2,,5,Yes
3/28/2025 11:09:33,3/28/2025,Undergraduate,,,,1,2,,2,,,,5,Donated at blue bin
3/28/2025 11:14:24,3/28/2025,Undergraduate,3,,1,,,,,,,,5,No
3/28/2025 11:17:31,3/28/2025,Undergraduate,4,,,,,,,,,,5,No
3/28/2025 11:47:31,3/28/2025,Undergraduate,4,,,,,,,,,,5,No
3/28/2025 11:48:23,3/28/2025,Undergraduate,3,1,,,2,,,1,,,5,Yes
3/28/2025 11:55:37,3/28/2025,Undergraduate,,,,,,,,2,,1,5,Yes
3/28/2025 12:03:38,3/28/2025,Undergraduate,,2,,1,,,2,,,,5,Yes
3/28/2025 12:05:34,3/28/2025,Undergraduate,1,1,2,5,,,,,,,5,Yes
3/28/2025 12:07:26,3/28/2025,Undergraduate,5,,1,,,,,,,,4,Yes
3/28/2025 12:28:02,3/28/2025,Undergraduate,3,,,,,,1,,,,5,Yes
3/28/2025 12:28:42,3/28/2025,Undergraduate,,,1,,1,,,,,,5,Yes
3/28/2025 12:30:21,3/28/2025,Graduate,2,,,2,,,,,,,5,Yes
3/28/2025 12:40:23,3/28/2025,Undergraduate,,,,1,,,1,,,,5,Yes
3/28/2025 12:46:33,3/28/2025,Undergraduate,1,1,,1,,,,,,,5,No
3/28/2025 12:49:50,3/28/2025,Graduate,,1,,1,1,,,2,,,5,Donated at blue bin
3/28/2025 12:50:35,3/28/2025,Graduate,4,,,,,,,,,,5,No
3/28/2025 12:59:47,3/28/2025,Graduate,2,2,,,1,,,,,,5,No
3/28/2025 13:11:28,3/28/2025,Undergraduate,,,,,,,1,,,,5,Donated at blue bin
3/28/2025 13:16:45,3/28/2025,Undergraduate,,,2,,,2,,,1,,5,Yes
3/28/2025 13:31:47,3/28/2025,Undergraduate,,,,,,,,,1,,5,Yes
3/28/2025 13:37:22,3/28/2025,Undergraduate,1,,1,,,,,,,,5,Yes
3/28/2025 13:42:24,3/28/2025,Undergraduate,,,,1,,,,,,,5,Donated at blue bin
3/28/2025 13:42:58,3/28/2025,Undergraduate,,,,1,,,,,,,5,Yes
3/28/2025 13:44:42,3/28/2025,Undergraduate,1,1,,,,,,,,,5,No
3/28/2025 13:45:42,3/28/2025,Undergraduate,1,,1,,,,,,,,5,No
3/28/2025 14:05:15,3/28/2025,Undergraduate,2,,,,,,,,,,5,Yes
3/28/2025 14:09:36,3/28/2025,Undergraduate,,,,1,,,,,,,5,No
3/28/2025 14:12:06,3/28/2025,Undergraduate,1,,,,,,,,,,5,Yes
3/28/2025 14:15:08,3/28/2025,Undergraduate,,,,,,,,,1,,5,No
3/28/2025 14:17:31,3/28/2025,Graduate,,,,,,,,,,1,5,No
3/28/2025 14:19:08,3/28/2025,Undergraduate,,,1,,,,,,,,5,No
3/28/2025 14:21:45,3/28/2025,Undergraduate,1,,,1,,,,,,,5,No
3/28/2025 14:27:04,3/28/2025,Graduate,,,1,2,,,,,,,5,Yes
3/28/2025 14:58:38,3/28/2025,Graduate,1,1,,,,,,,,1,5,Yes
3/28/2025 15:04:52,3/28/2025,Graduate,4,,,,,,1,1,,,5,Yes
3/28/2025 15:33:24,3/28/2025,Undergraduate,,,,1,,,,,,,3,Yes
3/28/2025 15:36:10,3/28/2025,Undergraduate,2,1,1,1,,,,,,,5,Yes
3/28/2025 15:53:30,3/28/2025,Undergraduate,,2,,,,,1,,,,5,Donated at blue bin
3/28/2025 15:59:53,3/28/2025,Undergraduate,4,,,,,5,,,,,5,Donated at blue bin
3/28/2025 16:00:27,3/28/2025,Undergraduate,1,,1,,,,,,,,5,Donated at blue bin
3/28/2025 12:03:54,3/28/2025,Undergraduate,,2,,,,,,1,,,5,Yes
3/28/2025 14:31:48,3/28/2025,Undergraduate,,,,2,1,,,,,,5,No
4/4/2025 9:54:24,4/4/2025,Undergraduate,1,,1,,,,,,,,5,Donated at blue bin
4/4/2025 10:11:56,4/4/2025,Undergraduate,,2,,,,,,,,,5,No
4/4/2025 11:59:22,4/4/2025,Undergraduate,4,,,,1,,2,,,,5,Yes
4/4/2025 12:05:59,4/4/2025,Graduate,,,1,3,,,,,,,5,Yes
4/4/2025 12:06:54,4/4/2025,Undergraduate,,,,,,1,,,,,5,Donated at blue bin
4/4/2025 12:08:12,4/4/2025,Undergraduate,1,,,,,,,,,,5,No
4/4/2025 12:10:59,4/4/2025,Undergraduate,1,,1,,,,,,,1,5,Yes
4/4/2025 12:23:39,4/4/2025,Undergraduate,,1,,,,,,,2,,5,No
4/4/2025 12:23:57,4/4/2025,Undergraduate,,,,,,,,,,1,5,Donated at blue bin
4/4/2025 12:33:11,4/4/2025,Undergraduate,,,1,,,,,,,,4,Donated at blue bin
4/4/2025 12:33:43,4/4/2025,Undergraduate,,,,,,,,,1,,5,No
4/4/2025 12:45:14,4/4/2025,Undergraduate,1,,,1,,,,,,,5,No
4/4/2025 12:58:18,4/4/2025,Undergraduate,,,1,,1,,,3,,1,5,Yes
4/4/2025 13:00:33,4/4/2025,Undergraduate,2,,,,,2,,,,,5,Yes
4/4/2025 13:01:26,4/4/2025,Undergraduate,1,,1,,,,,1,,,5,No
4/4/2025 13:14:15,4/4/2025,Undergraduate,1,,,,,,,,1,,5,Yes
4/4/2025 13:35:57,4/4/2025,Undergraduate,,,,,,,,,2,,5,No
4/4/2025 14:02:01,4/4/2025,Undergraduate,,,,1,,,2,,,1,5,Donated at blue bin
4/4/2025 14:02:29,4/4/2025,Undergraduate,,1,,,,,,,,,5,No
4/4/2025 14:32:02,4/4/2025,Undergraduate,,,,,,,,1,,,5,No
4/4/2025 14:35:59,4/4/2025,Undergraduate,1,,,,,,,,,,5,No
4/4/2025 14:37:25,4/4/2025,Undergraduate,2,,,,,,,,,,5,No
4/4/2025 14:50:40,4/4/2025,Undergraduate,,,,,,1,,,,,5,Yes
4/4/2025 14:58:37,4/4/2025,Undergraduate,2,,,2,,,,,,,5,Donated at blue bin
4/4/2025 15:00:40,4/4/2025,Undergraduate,1,,1,,1,,,1,,,5,No
4/4/2025 15:08:07,4/4/2025,Undergraduate,1,1,,,,,2,1,,,5,Donated at blue bin
4/4/2025 15:51:37,4/4/2025,Undergraduate,2,,1,,,,2,,,,5,No
4/4/2025 15:52:00,4/4/2025,Undergraduate,,,,,,,,,1,,5,Donated at blue bin
4/4/2025 15:59:31,4/4/2025,Undergraduate,,,3,,,,,,,,5,No
4/4/2025 12:10:38,4/4/2025,Undergraduate,1,,,,1,1,,,,,5,Yes
4/4/2025 12:45:35,4/4/2025,Undergraduate,,,1,,,,,,,,5,No
4/4/2025 16:05:07,4/4/2025,Graduate,2,,,,,,,,,,5,Yes
4/11/2025 10:34:33,4/11/2025,Undergraduate,,1,1,,,,,,,1,4,Donated at blue bin
4/11/2025 10:59:51,4/11/2025,Undergraduate,,1,,,,,,,,,5,Yes
4/11/2025 11:24:00,4/11/2025,Undergraduate,,,3,1,,,2,,,,5,Yes
4/11/2025 11:38:07,4/11/2025,Undergraduate,1,,,,,,,,,,5,Donated at blue bin
4/11/2025 12:10:23,4/11/2025,Undergraduate,,1,,,,,,,,,5,Yes
4/11/2025 12:11:32,4/11/2025,Undergraduate,,,,,,,1,,,,5,Yes
4/11/2025 12:50:40,4/11/2025,Undergraduate,,,1,,,,1,,,,5,No
4/11/2025 12:51:23,4/11/2025,Graduate,,,,1,,,,1,,1,4,Yes
4/11/2025 12:53:07,4/11/2025,Graduate,2,,,,1,,,,,,5,No
4/11/2025 12:55:30,4/11/2025,Undergraduate,7,,,3,,,,,,2,5,No
4/11/2025 12:56:46,4/11/2025,Undergraduate,,,,1,,,,,,,5,No
4/11/2025 13:48:06,4/11/2025,Undergraduate,,,,1,,1,2,,,,5,Yes
4/11/2025 13:50:31,4/11/2025,Graduate,3,,,1,,,,,,,5,Yes
4/11/2025 13:56:27,4/11/2025,Undergraduate,1,,,2,2,,,,,,5,Yes
4/11/2025 14:15:46,4/11/2025,Undergraduate,,,,1,,,,,,,4,No
4/11/2025 14:37:10,4/11/2025,Staff,4,2,,4,,,,,,,5,No
4/11/2025 14:37:33,4/11/2025,Graduate,,,,2,,,1,,,,5,Yes
4/11/2025 14:51:48,4/11/2025,Undergraduate,3,,1,,,,,,,,5,No
4/11/2025 15:05:57,4/11/2025,Undergraduate,,,,1,,,,,,1,5,Yes
4/11/2025 15:30:07,4/11/2025,Undergraduate,2,,,1,,1,,,,,5,Donated at blue bin
4/11/2025 15:57:22,4/11/2025,Undergraduate,1,,,,,,,,,,5,No
4/11/2025 16:02:20,4/11/2025,Undergraduate,2,,1,1,,,,,,,5,Yes
4/11/2025 11:00:42,4/11/2025,Undergraduate,,,2,1,,,,,,,5,Yes
4/11/2025 11:08:17,4/11/2025,Undergraduate,,,,,,,1,,,,3,No
4/11/2025 12:10:22,4/11/2025,Undergraduate,1,,,,,,,,,,5,Yes
4/18/2025 10:40:58,4/18/2025,Undergraduate,,,2,,,,,,,,5,No
4/18/2025 10:52:27,4/18/2025,Graduate,2,,,,1,,,,,1,5,Yes
4/18/2025 11:20:41,4/18/2025,Undergraduate,2,,,,,,,,,,5,Yes
4/18/2025 11:22:23,4/18/2025,Undergraduate,1,1,,1,,,,,,,5,Yes
4/18/2025 12:16:53,4/18/2025,Undergraduate,1,,,,,,,,,,5,No
4/18/2025 12:22:25,4/18/2025,Undergraduate,,,,,,,,,,1,5,Yes
4/18/2025 12:33:28,4/18/2025,Undergraduate,1,,1,,,,,,,,5,No
4/18/2025 12:39:52,4/18/2025,Graduate,1,1,,3,,,,,,,4,No
4/18/2025 12:46:59,4/18/2025,Undergraduate,1,,,,,1,2,1,,,5,Donated at blue bin
4/18/2025 13:06:00,4/18/2025,Undergraduate,1,,,,,,,,,,5,No
4/18/2025 13:17:08,4/18/2025,Undergraduate,1,,,1,,,,,,1,5,No
4/18/2025 13:17:59,4/18/2025,Undergraduate,3,,,1,,,,,,,4,Donated at blue bin
4/18/2025 13:32:55,4/18/2025,Undergraduate,,,1,,,,,,,,5,No
4/18/2025 13:57:40,4/18/2025,Undergraduate,,,,,2,,3,,,,5,No
4/18/2025 13:58:49,4/18/2025,Undergraduate,1,,,,,,1,,,,5,Yes
4/18/2025 14:03:28,4/18/2025,Undergraduate,3,,,1,,2,,,,,5,Yes
4/18/2025 14:20:53,4/18/2025,Undergraduate,1,,,,,,,,,,5,Yes
4/18/2025 14:29:54,4/18/2025,Undergraduate,2,,2,4,,,,,,,5,Donated at blue bin
4/18/2025 14:33:41,4/18/2025,Undergraduate,,,,,,,,,,1,5,No
4/18/2025 14:36:50,4/18/2025,Undergraduate,2,3,,,,,1,,,,5,No
4/18/2025 14:49:31,4/18/2025,Graduate,1,1,,,1,,1,,,,5,No
4/18/2025 14:52:00,4/18/2025,Undergraduate,,2,,,,2,1,1,,2,5,Yes
4/18/2025 15:27:04,4/18/2025,Undergraduate,,,,3,,,,,,,5,No
4/18/2025 15:53:16,4/18/2025,Undergraduate,1,2,,,1,,,1,,2,4,Donated at blue bin
4/18/2025 15:54:12,4/18/2025,Undergraduate,,,,,,,,,,,4,No
4/18/2025 15:57:01,4/18/2025,Undergraduate,2,,,,,,1,,1,,5,Donated at blue bin
4/18/2025 15:59:06,4/18/2025,Undergraduate,,,,,1,,,,,,5,Donated at blue bin
4/18/2025 16:00:14,4/18/2025,Graduate,,,,1,,,,,,,5,Yes
4/18/2025 12:40:41,4/18/2025,Undergraduate,,1,,,,,1,,,,5,No
4/18/2025 14:30:10,4/18/2025,Undergraduate,1,,,,,,,,,,5,Donated at blue bin
4/25/2025 10:32:23,4/25/2025,Undergraduate,2,1,,2,,,,,,,5,Yes
4/25/2025 10:40:38,4/25/2025,Undergraduate,1,,,,,,1,,,,5,No
4/25/2025 11:09:15,4/25/2025,Undergraduate,1,,,,,,1,,,,4,No
4/25/2025 11:14:19,4/25/2025,Undergraduate,1,,,,,,,1,,,5,No
4/25/2025 11:24:17,4/25/2025,Undergraduate,,,1,,,,,,,,5,No
4/25/2025 11:25:03,4/25/2025,Undergraduate,2,,,,,1,,,,,5,Yes
4/25/2025 11:31:31,4/25/2025,Undergraduate,,,,,,,,1,,,5,No
4/25/2025 11:32:21,4/25/2025,Undergraduate,3,,,,,,,,,,5,No
4/25/2025 11:32:51,4/25/2025,Undergraduate,,,,,,,1,,,,5,No
4/25/2025 11:55:20,4/25/2025,Undergraduate,,,,1,,,,1,1,1,5,No
4/25/2025 12:39:02,4/25/2025,Undergraduate,,,,,2,,,,,1,5,Donated at blue bin
4/25/2025 12:48:12,4/25/2025,Undergraduate,1,,,,,,,,,,5,Yes
4/25/2025 12:48:49,4/25/2025,Undergraduate,,1,,,,,,,,,5,Yes
4/25/2025 12:55:30,4/25/2025,Undergraduate,,1,,,,,,,,,5,No
4/25/2025 12:58:04,4/25/2025,Undergraduate,1,,,,,,,,,,5,Yes
4/25/2025 13:01:43,4/25/2025,Undergraduate,,,,,,,,,,2,5,Yes
4/25/2025 13:05:35,4/25/2025,Undergraduate,,,,2,,,,,,1,5,Yes
4/25/2025 13:10:44,4/25/2025,Undergraduate,,7,,,,,,,,,5,No
4/25/2025 13:11:38,4/25/2025,Undergraduate,,,1,,,,,,,,5,Yes
4/25/2025 13:29:34,4/25/2025,Undergraduate,,,1,,,,,,,,5,Yes
4/25/2025 13:30:02,4/25/2025,Undergraduate,1,1,,,,,,,,,5,Yes
4/25/2025 13:44:22,4/25/2025,Undergraduate,1,1,,3,,,2,,1,1,5,Yes
4/25/2025 14:21:31,4/25/2025,Undergraduate,,1,,,,,,1,,,5,No
4/25/2025 14:24:14,4/25/2025,Undergraduate,3,,,,,1,,,,,5,Yes
4/25/2025 14:40:54,4/25/2025,Graduate,3,,1,,,,1,,,,5,Yes
4/25/2025 14:46:20,4/25/2025,Graduate,1,,,,,,3,,,,5,Yes
4/25/2025 14:59:33,4/25/2025,Undergraduate,,,1,,,,,,,,5,No
4/25/2025 15:00:29,4/25/2025,Undergraduate,,,,,,,,,,1,5,No
4/25/2025 15:01:35,4/25/2025,Undergraduate,,,,,,1,1,1,,,5,Yes
4/25/2025 15:48:49,4/25/2025,Undergraduate,,,,,1,,,,,,4,No
4/25/2025 15:49:15,4/25/2025,Undergraduate,1,,,,,,,,1,,5,No
4/25/2025 15:50:08,4/25/2025,Undergraduate,1,,,,,,1,,,,5,No
4/25/2025 15:50:48,4/25/2025,Undergraduate,1,,,,1,,,,,,5,No
4/25/2025 16:00:17,4/25/2025,Graduate,1,,,,,2,,,,,5,Yes
4/25/2025 13:43:14,4/25/2025,Undergraduate,2,,,,1,1,,,,,5,Yes
4/25/2025 16:01:39,4/25/2025,Graduate,,,,1,,,,,,,5,Yes
4/25/2025 16:08:28,4/25/2025,Undergraduate,,,,2,,,2,,,,5,Yes
4/25/2025 16:09:28,4/25/2025,Undergraduate,,,,,,,2,1,,,5,No
4/25/2025 16:10:04,4/25/2025,Undergraduate,2,,,1,,,,,1,,5,Yes
4/26/2025 15:04:21,4/26/2025,Undergraduate,1,,,,,,,,,,5,No
4/26/2025 15:08:33,4/26/2025,Undergraduate,,,,,1,,,,,,5,No
4/26/2025 15:09:38,4/26/2025,Undergraduate,2,,,,,,,,,,5,No
4/26/2025 15:40:08,4/26/2025,Undergraduate,,,1,,,,,,,,5,No
4/26/2025 15:47:03,4/26/2025,Undergraduate,,,1,,,,,,,,5,No
4/26/2025 16:24:50,4/26/2025,Undergraduate,1,,,,,,,,,,5,Yes
4/26/2025 14:12:24,4/26/2025,Undergraduate,,,,2,,,,1,,,5,No
4/26/2025 14:25:31,4/26/2025,Undergraduate,,,,,,,1,,,,5,Donated at blue bin
4/26/2025 14:28:08,4/26/2025,Undergraduate,1,,,1,,,,,,,5,No
5/2/2025 10:36:31,5/2/2025,Undergraduate,1,,,1,,,2,,1,1,5,Yes
5/2/2025 11:12:22,5/2/2025,Undergraduate,1,,1,,,,,,,,5,Yes
5/2/2025 11:24:24,5/2/2025,Undergraduate,1,,,,,,1,,,,5,No
5/2/2025 11:28:25,5/2/2025,Undergraduate,1,,,1,,,,,,,5,Yes
5/2/2025 11:28:50,5/2/2025,Undergraduate,,,,,,,1,,,,5,No
5/2/2025 11:30:43,5/2/2025,Graduate,2,,,,,,4,,1,1,5,Yes
5/2/2025 11:32:30,5/2/2025,Undergraduate,,2,,,,,,,,,5,Yes
5/2/2025 11:33:16,5/2/2025,Graduate,,,,1,,,1,,,,5,Yes
5/2/2025 11:39:45,5/2/2025,Undergraduate,,,,3,,,,,,,5,Donated at blue bin
5/2/2025 11:53:44,5/2/2025,Graduate,1,,,1,,,,,,1,5,Yes
5/2/2025 11:58:02,5/2/2025,Graduate,,,,1,,,1,,,,5,Yes
5/2/2025 12:00:30,5/2/2025,Graduate,1,,,2,,2,,,,,5,Yes
5/2/2025 12:02:44,5/2/2025,Undergraduate,1,,,,,,,,,,5,No
5/2/2025 12:05:52,5/2/2025,Undergraduate,,1,,,,,,,,,5,No
5/2/2025 12:06:27,5/2/2025,Undergraduate,,,,,1,,,,,1,5,No
5/2/2025 12:36:39,5/2/2025,Undergraduate,1,,,,,,,,,2,5,Donated at blue bin
5/2/2025 12:39:48,5/2/2025,Undergraduate,,1,1,,,,,,,,5,Donated at blue bin
5/2/2025 12:59:40,5/2/2025,Undergraduate,6,,,,,,,,,1,5,Yes
5/2/2025 13:09:29,5/2/2025,Undergraduate,1,,,,,,,3,,1,5,Donated at blue bin
5/2/2025 13:34:56,5/2/2025,Undergraduate,4,,1,2,,,,1,,,5,Donated at blue bin
5/2/2025 13:41:04,5/2/2025,Graduate,1,,1,,,,,,,,5,Yes
5/2/2025 13:56:23,5/2/2025,Undergraduate,3,1,,2,,,,2,1,1,5,Yes
5/2/2025 13:58:47,5/2/2025,Undergraduate,,1,,2,,,,,,,5,No
5/2/2025 14:05:25,5/2/2025,Undergraduate,2,,,3,,,,,,,5,No
5/2/2025 14:16:44,5/2/2025,Graduate,2,,,1,1,,3,,,,5,Yes
5/2/2025 14:26:51,5/2/2025,Undergraduate,3,1,,,,,4,,,,5,No
5/2/2025 14:47:00,5/2/2025,Undergraduate,8,,,,1,,,,,1,5,No
5/2/2025 14:50:07,5/2/2025,Undergraduate,6,,,1,,,,1,,,5,Yes
5/2/2025 14:50:38,5/2/2025,Undergraduate,2,,,,,1,,,,,5,No
5/2/2025 14:55:11,5/2/2025,Undergraduate,1,,,1,,,,,,,5,No
5/2/2025 15:01:07,5/2/2025,Undergraduate,,,,,,,1,,,,5,Yes
5/2/2025 15:05:24,5/2/2025,Undergraduate,2,2,,,2,2,1,,,,5,Donated at blue bin
5/2/2025 15:07:54,5/2/2025,Undergraduate,2,,1,1,1,1,,,,1,5,Donated at blue bin
5/2/2025 15:13:46,5/2/2025,Staff,2,,,1,1,,,,,,5,Donated at blue bin
5/2/2025 15:18:21,5/2/2025,Graduate,4,,,,,,,,,,5,No
5/2/2025 15:20:24,5/2/2025,Undergraduate,2,,,1,,,,1,,,5,No
5/2/2025 15:26:37,5/2/2025,Undergraduate,1,,,,,1,,,,,5,No
5/2/2025 15:27:29,5/2/2025,Undergraduate,1,,,1,,,,,,,5,Yes
5/2/2025 15:28:20,5/2/2025,Undergraduate,2,,,,,,,,1,,5,Donated at blue bin
5/2/2025 15:30:08,5/2/2025,Undergraduate,1,,,,,,,,,,5,No
5/2/2025 16:17:46,5/2/2025,Undergraduate,3,2,2,,,,,,,,5,Yes
5/2/2025 12:36:35,5/2/2025,Undergraduate,2,,,,,,,,,,5,No
6/17/2025 11:07:11,6/17/2025,Undergraduate,,,1,1,,1,,,,1,5,Yes
6/17/2025 11:39:56,6/17/2025,Undergraduate,3,,,,,,,,,,5,Yes
6/17/2025 13:09:05,6/17/2025,Undergraduate,,,,,,,,2,,,5,No
6/17/2025 13:09:40,6/17/2025,Undergraduate,,,,1,,,,,,,5,Yes
6/17/2025 13:12:53,6/17/2025,Undergraduate,,,,,,,,,1,,5,No
6/17/2025 13:52:43,6/17/2025,Graduate,4,,,,,,,,,,5,Yes
6/17/2025 13:59:54,6/17/2025,Undergraduate,4,,,1,,,,,2,,5,Donated at blue bin
6/17/2025 14:38:29,6/17/2025,Undergraduate,1,1,,,,,,,,,5,Yes
6/17/2025 15:26:10,6/17/2025,Undergraduate,,,1,1,,,,,,,5,No
6/17/2025 15:32:48,6/17/2025,Undergraduate,2,,,,,,1,,,,5,No
6/17/2025 15:33:52,6/17/2025,Undergraduate,,,,,,,,,1,,5,No
6/17/2025 15:53:40,6/17/2025,Graduate,2,,,,,,2,,,,5,Yes
6/24/2025 10:43:52,6/24/2025,Undergraduate,1,,,,,,,,,,5,No
6/24/2025 11:54:26,6/24/2025,Undergraduate,,,,1,,,,,,5,4,Yes
6/24/2025 13:32:26,6/24/2025,Graduate,3,1,,1,,,,,,3,5,Yes
6/24/2025 13:34:34,6/24/2025,Undergraduate,,,,,,,,,1,,5,Yes
6/24/2025 15:11:58,6/24/2025,Undergraduate,3,,,3,,,2,,,,5,Yes
6/24/2025 15:34:23,6/24/2025,Graduate,,,,,,,,,,1,5,Yes
6/29/2025 20:08:37,6/29/2025,Undergraduate,1,,,,,,,,,,4,No
7/1/2025 12:20:08,7/1/2025,Undergraduate,,,1,,1,1,,,,1,5,No
7/1/2025 12:20:31,7/1/2025,Undergraduate,,,1,,,,,,,,5,No
7/1/2025 12:20:49,7/1/2025,Undergraduate,2,,,,,,,,,,5,No
7/1/2025 12:23:55,7/1/2025,Undergraduate,1,,,,1,,,,1,,5,No
7/1/2025 12:33:30,7/1/2025,Undergraduate,,1,,2,,,,2,,,5,No
7/1/2025 12:35:01,7/1/2025,Undergraduate,2,1,,,2,,,,,,5,No
7/1/2025 12:45:34,7/1/2025,Undergraduate,1,2,1,1,,,1,1,,,5,Yes
7/1/2025 13:02:06,7/1/2025,Undergraduate,2,,1,,,,,,,,5,No
7/1/2025 13:02:48,7/1/2025,Undergraduate,2,,,,,,,,,,3,No
7/1/2025 13:05:19,7/1/2025,Undergraduate,4,,,3,,,,1,,,5,Yes
7/1/2025 13:06:09,7/1/2025,Undergraduate,2,,1,,,,1,,,,5,No
7/1/2025 13:07:25,7/1/2025,Undergraduate,1,,,,,,,1,,1,5,No
7/1/2025 13:09:32,7/1/2025,Undergraduate,2,,3,,,,,,,,5,No
7/1/2025 13:10:47,7/1/2025,Undergraduate,4,,1,,,,,,,,5,No
7/1/2025 13:10:49,7/1/2025,Undergraduate,,,,1,,,,,,,5,Yes
7/1/2025 13:24:43,7/1/2025,Undergraduate,,,,2,,,,,,2,5,No
7/1/2025 14:31:47,7/1/2025,Undergraduate,1,,,,,,,,,,5,No
7/1/2025 14:36:29,7/1/2025,Undergraduate,,,,,,,,,,1,5,No
7/1/2025 15:01:20,7/1/2025,Undergraduate,3,,,,,,,,,,5,No
7/1/2025 16:07:35,7/1/2025,Undergraduate,,,,1,,,,,,,5,No
7/1/2025 16:08:07,7/1/2025,Undergraduate,1,,,,,,,,,,5,No
7/1/2025 17:10:18,7/1/2025,Undergraduate,4,,,,,,,,1,,5,No
7/22/2025 12:22:39,7/22/2025,Undergraduate,1,1,,,1,,,,1,,5,No
7/22/2025 12:33:34,7/22/2025,Undergraduate,3,,,1,,,,,,,5,No
7/22/2025 12:36:24,7/22/2025,Undergraduate,6,,,,,,,,,,5,Yes
7/22/2025 12:36:46,7/22/2025,Undergraduate,,3,,,,,,1,,,5,Yes
7/22/2025 12:43:22,7/22/2025,Undergraduate,,,,,,,1,1,,,5,No
7/22/2025 12:49:01,7/22/2025,Undergraduate,2,,,,,,,,,,5,Yes
7/22/2025 13:26:40,7/22/2025,Undergraduate,2,,,,,,,,,,5,No
7/22/2025 14:04:53,7/22/2025,Undergraduate,,,,,,,,1,,1,5,No
7/22/2025 14:06:32,7/22/2025,Undergraduate,1,,,,,,,,,,5,No
7/22/2025 15:07:37,7/22/2025,Undergraduate,1,,1,,,,,,,1,5,No
7/22/2025 15:08:42,7/22/2025,Undergraduate,2,1,,2,,,,1,1,,5,Donated at blue bin
7/22/2025 15:11:08,7/22/2025,Undergraduate,1,,,,,,,,,,5,No
7/22/2025 15:11:12,7/22/2025,Undergraduate,,1,,,1,,,,,1,5,No
7/22/2025 15:17:03,7/22/2025,Graduate,1,,,,,,1,,,,5,Yes
7/22/2025 15:45:27,7/22/2025,Undergraduate,4,,1,,,,,,,,5,No
7/29/2025 10:37:48,7/29/2025,Undergraduate,,,,1,,,,,1,,5,Yes
7/29/2025 11:12:50,7/29/2025,Undergraduate,1,,,1,1,,,,,,5,No
7/29/2025 11:23:02,7/29/2025,Undergraduate,1,,,,,,1,,,,5,No
7/29/2025 11:32:50,7/29/2025,Undergraduate,,3,,,,,,,,,5,Yes
7/29/2025 11:41:17,7/29/2025,Undergraduate,2,1,,1,,,,,1,,5,No
7/29/2025 11:48:24,7/29/2025,Undergraduate,1,,1,,,,,,,,5,No
7/29/2025 12:01:33,7/29/2025,Non-GW-affiliated community member,1,1,,1,,,,,,1,5,No
7/29/2025 12:16:59,7/29/2025,Graduate,4,,1,3,,,,,,,5,Yes
7/29/2025 13:36:33,7/29/2025,Graduate,1,,,,,1,3,,,,5,Yes
7/29/2025 14:31:01,7/29/2025,Staff,,,,1,,,,,,,5,Donated at blue bin
7/29/2025 14:32:39,7/29/2025,Staff,,,,,1,,,,,,5,Donated at blue bin
7/29/2025 14:34:31,7/29/2025,Undergraduate,1,3,,,,,,,,,5,Yes
7/29/2025 15:38:31,7/29/2025,Staff,2,,,,,,1,,,,5,No
7/29/2025 15:40:34,7/29/2025,Staff,1,,,,,2,1,,,,5,Donated at blue bin
7/29/2025 15:41:48,7/29/2025,Staff,1,,,1,,,1,,,,5,No
8/5/2025 10:25:51,8/5/2025,Graduate,,,,,2,,,,,,5,No
8/5/2025 10:27:45,8/5/2025,Undergraduate,3,,,,,,,,,1,5,Yes
8/5/2025 12:15:26,8/5/2025,Undergraduate,,,1,1,,,,,,,5,No
8/5/2025 14:36:33,8/5/2025,Graduate,2,,1,1,,,,,,,5,Yes
8/5/2025 15:02:45,8/5/2025,Graduate,4,,,,,,3,,,,4,Yes
8/6/2025 13:52:20,8/6/2025,Staff,,,,1,,,,,,,5,Donated at blue bin
8/12/2025 10:10:46,8/12/2025,Undergraduate,,,,,,,1,,,,5,No
8/12/2025 10:54:37,8/12/2025,Graduate,,,,,,,1,,,,5,No
8/12/2025 11:43:16,8/12/2025,Undergraduate,4,4,4,3,3,2,,,,2,5,Yes
8/12/2025 12:39:51,8/12/2025,Undergraduate,4,1,1,,,,,,,,5,Yes
8/12/2025 12:45:12,8/12/2025,Undergraduate,3,,1,2,,,1,3,,,5,Yes
8/12/2025 12:49:56,8/12/2025,Undergraduate,2,,4,,,,1,,,,5,Donated at blue bin
8/12/2025 12:51:04,8/12/2025,Undergraduate,,,,,,,,,1,1,5,Yes
8/12/2025 13:06:36,8/12/2025,Undergraduate,1,,,,,,,,,1,5,No
8/12/2025 14:32:26,8/12/2025,Graduate,1,,1,,1,2,,,1,,5,Yes
8/19/2025 10:36:46,8/19/2025,Undergraduate,3,,3,,,,,,,,5,Yes
8/19/2025 11:03:10,8/19/2025,Undergraduate,1,,,,,,,,,,5,No
8/19/2025 11:46:51,8/19/2025,Undergraduate,,,,1,,,,,,,5,No
8/19/2025 11:47:04,8/19/2025,Undergraduate,1,,,,,,,,,,5,Yes
8/19/2025 12:51:09,8/19/2025,Undergraduate,,,1,,,1,,,,,5,No
8/19/2025 12:51:53,8/19/2025,Undergraduate,,1,,,,,,,,1,5,No
8/19/2025 14:00:44,8/19/2025,Graduate,3,,,1,,1,1,,,,5,Yes
8/19/2025 14:01:21,8/19/2025,Undergraduate,,,,,,,1,,,1,5,No
8/19/2025 14:01:27,8/19/2025,Undergraduate,,,2,1,,,,,1,,5,No
8/19/2025 14:01:34,8/19/2025,Undergraduate,,,,1,,,,,,1,5,No
8/19/2025 14:08:50,8/19/2025,Undergraduate,2,,,,,,,,,,5,No
8/19/2025 14:35:37,8/19/2025,Graduate,3,,1,,,,,1,,,5,Yes
8/19/2025 14:35:42,8/19/2025,Graduate,2,,1,,,1,,1,,,5,Yes
8/29/2025 10:35:41,8/29/2025,Undergraduate,,,,1,,,,,1,,5,No
8/29/2025 10:51:21,8/29/2025,Graduate,,,,2,,1,1,1,,,5,Yes
8/29/2025 11:06:46,8/29/2025,Undergraduate,,,,,,,,,,1,4,No
8/29/2025 11:07:01,8/29/2025,Undergraduate,,,,1,,,,,,,5,Yes
8/29/2025 11:21:24,8/29/2025,Undergraduate,3,,2,,2,,,,,1,5,Yes
8/29/2025 11:29:16,8/29/2025,Undergraduate,2,,,1,,,,,,,5,No
8/29/2025 11:31:45,8/29/2025,Undergraduate,1,,,,1,1,2,,,,5,No
8/29/2025 11:36:35,8/29/2025,Undergraduate,,,1,,,,,,,,4,Donated at blue bin
8/29/2025 11:47:53,8/29/2025,Undergraduate,,,,,,1,,,,,5,No
8/29/2025 11:49:03,8/29/2025,Undergraduate,1,,,,,,,,,1,5,No
8/29/2025 11:52:38,8/29/2025,Undergraduate,,,,2,,,,1,,,5,No
8/29/2025 12:27:27,8/29/2025,Undergraduate,2,,,,,,,,,,5,Yes
8/29/2025 12:30:49,8/29/2025,Undergraduate,,,,1,,,,,,,5,No
8/29/2025 12:37:31,8/29/2025,Undergraduate,,,,,,,,1,,,5,Yes
8/29/2025 12:49:18,8/29/2025,Undergraduate,,,3,,,,,,,,5,No
8/29/2025 12:54:47,8/29/2025,Undergraduate,,,,2,,2,,1,1,,5,No
8/29/2025 13:01:09,8/29/2025,Undergraduate,1,,,,,,,,,,5,No
8/29/2025 13:01:30,8/29/2025,Undergraduate,,,1,,,,,,1,,5,No
8/29/2025 13:19:14,8/29/2025,Undergraduate,4,,,,3,,2,,1,,5,Yes
8/29/2025 13:27:35,8/29/2025,Undergraduate,5,1,,3,,,,1,,,4,Yes
8/29/2025 13:29:23,8/29/2025,Graduate,,,,2,,,,,,,5,No
8/29/2025 13:32:51,8/29/2025,Undergraduate,2,,,1,,,,,,1,5,No
8/29/2025 13:33:26,8/29/2025,Undergraduate,3,,,,1,,,1,,,5,Yes
8/29/2025 13:48:41,8/29/2025,Undergraduate,,,,,,1,,,,,3,Yes
8/29/2025 13:53:59,8/29/2025,Undergraduate,3,3,2,1,,,,,1,,5,Yes
8/29/2025 13:55:51,8/29/2025,Undergraduate,,,,3,,,,2,,,5,No
8/29/2025 13:59:31,8/29/2025,Undergraduate,3,,,2,1,,,,,,5,No
8/29/2025 14:09:12,8/29/2025,Undergraduate,4,,,,,1,,,,,5,Donated at blue bin
8/29/2025 14:10:42,8/29/2025,Undergraduate,2,,,,,,,,,,5,No
8/29/2025 14:12:36,8/29/2025,Undergraduate,3,,,,,1,2,,,,5,Donated at blue bin
8/29/2025 14:25:58,8/29/2025,Undergraduate,,,1,,,,,,,,5,No
8/29/2025 14:26:32,8/29/2025,Undergraduate,1,,,,,,,,,,5,No
8/29/2025 14:27:45,8/29/2025,Undergraduate,1,,,,,,,,,,5,No
8/29/2025 14:30:24,8/29/2025,Undergraduate,1,,1,1,,,,,,,5,No
8/29/2025 14:30:30,8/29/2025,Undergraduate,2,,,1,,,,,,,5,Yes
8/29/2025 14:33:20,8/29/2025,Graduate,1,,1,1,,,,,,,5,No
8/29/2025 14:36:24,8/29/2025,Undergraduate,5,,,,,1,,,,,5,Yes
8/29/2025 14:38:17,8/29/2025,Undergraduate,,,2,,,,1,,,,5,No
8/29/2025 14:39:10,8/29/2025,Undergraduate,2,,1,,,,,,,,5,Donated at blue bin
8/29/2025 14:40:11,8/29/2025,Undergraduate,1,1,,,,,,,,,5,No
8/29/2025 14:40:50,8/29/2025,Undergraduate,,,,,,,,,,1,5,No
8/29/2025 14:43:24,8/29/2025,Undergraduate,,,,,1,,2,1,,,5,Yes
8/29/2025 14:44:05,8/29/2025,Undergraduate,1,,1,2,,,,1,,,5,Yes
8/29/2025 14:47:00,8/29/2025,Undergraduate,1,,,,1,,,,,1,5,No
8/29/2025 14:50:50,8/29/2025,Undergraduate,,,1,,,,,,,,5,No
8/29/2025 15:03:25,8/29/2025,Undergraduate,1,,,,,,,,,,5,No
8/29/2025 15:03:59,8/29/2025,Undergraduate,1,,,,,,,1,,,5,No
8/29/2025 15:10:08,8/29/2025,Undergraduate,2,,,,,,,,,,5,No
8/29/2025 15:10:21,8/29/2025,Undergraduate,3,,,,,,,,,,5,No
8/29/2025 15:11:09,8/29/2025,Undergraduate,1,,,1,,,1,,,,5,No
8/29/2025 15:11:34,8/29/2025,Undergraduate,,,,,,,1,,,,5,Donated at blue bin
8/29/2025 15:13:27,8/29/2025,Undergraduate,1,,,,,,,,,,5,No
8/29/2025 15:14:56,8/29/2025,Graduate,,1,,,,,,,,,5,Yes
8/29/2025 15:51:44,8/29/2025,Undergraduate,,,,1,,,,,,1,5,Yes
8/29/2025 15:52:37,8/29/2025,Undergraduate,,,,,,,1,,,,5,No
8/29/2025 15:57:21,8/29/2025,Undergraduate,1,,,,,,1,,,,5,Yes
8/29/2025 16:00:48,8/29/2025,Undergraduate,1,,,,,,,1,,,5,No
8/29/2025 16:01:24,8/29/2025,Graduate,1,,,,,,,,,1,5,No
9/5/2025 10:11:30,9/5/2025,Undergraduate,1,,,,,,,,,,5,No
9/5/2025 10:37:42,9/5/2025,Undergraduate,,1,,,,,,,,,5,No
9/5/2025 11:17:51,9/5/2025,Undergraduate,1,,,,,1,,,1,,5,No
9/5/2025 12:26:02,9/5/2025,Undergraduate,,,,,1,,,,,,5,No
9/5/2025 12:26:13,9/5/2025,Undergraduate,3,,,,,,,,,,5,Donated at blue bin
9/5/2025 12:26:45,9/5/2025,Undergraduate,1,1,2,,,,,,,,4,No
9/5/2025 12:27:04,9/5/2025,Graduate,1,,2,1,1,1,,,,,5,Yes
9/5/2025 12:37:27,9/5/2025,Undergraduate,,,1,,,,,,,,4,Yes
9/5/2025 12:43:39,9/5/2025,Undergraduate,2,,,2,,,1,,,2,5,No
9/5/2025 12:49:13,9/5/2025,Undergraduate,1,,,,,,,,,2,5,No
9/5/2025 12:50:23,9/5/2025,Undergraduate,,1,2,,,,,1,,,5,No
9/5/2025 12:52:21,9/5/2025,Undergraduate,1,,,2,2,,,2,,1,5,Yes
9/5/2025 13:13:28,9/5/2025,Undergraduate,,,2,,,,,1,,,5,Yes
9/5/2025 13:26:40,9/5/2025,Undergraduate,1,1,1,,,,,,,,5,Yes
9/5/2025 13:45:28,9/5/2025,Undergraduate,,,,,,2,,,,,5,No
9/5/2025 13:45:33,9/5/2025,Undergraduate,1,,,,,,,,,,5,No
9/5/2025 13:53:40,9/5/2025,Undergraduate,,,1,,,,,,,,5,No
9/5/2025 13:54:41,9/5/2025,Undergraduate,1,,1,,1,,,,,,5,No
9/5/2025 13:58:07,9/5/2025,Undergraduate,,1,,1,,,,,,,5,No
9/5/2025 14:00:08,9/5/2025,Undergraduate,,,,,,,,1,,,5,No
9/5/2025 14:04:11,9/5/2025,Undergraduate,,,2,,1,,,,,,5,Yes
9/5/2025 14:16:06,9/5/2025,Undergraduate,1,,,1,,,,1,,,5,Donated at blue bin
9/5/2025 14:17:32,9/5/2025,Undergraduate,2,,,3,,,,,,,5,No
9/5/2025 14:19:13,9/5/2025,Undergraduate,,,,,,,1,,,,5,No
9/5/2025 14:24:06,9/5/2025,Undergraduate,1,1,1,,,,,,,1,5,Yes
9/5/2025 14:25:46,9/5/2025,Undergraduate,,1,,,,,,,,,5,No
9/5/2025 14:26:24,9/5/2025,Undergraduate,1,,1,,,,,,,,5,Yes
9/5/2025 14:28:29,9/5/2025,Undergraduate,2,,1,,,,,,,,5,No
9/5/2025 14:43:45,9/5/2025,Undergraduate,2,,,,,,3,,,,5,No
9/5/2025 14:44:41,9/5/2025,Undergraduate,2,,,,,,2,,,,5,No
9/5/2025 14:47:04,9/5/2025,Undergraduate,,,1,,,,,,,,4,No
9/5/2025 14:51:05,9/5/2025,Undergraduate,1,,1,,,,,,,,5,No
9/5/2025 14:51:50,9/5/2025,Undergraduate,2,,,,,,,,,,5,Donated at blue bin
9/5/2025 14:53:56,9/5/2025,Graduate,,,,,,,,,1,,5,No
9/5/2025 14:57:59,9/5/2025,Undergraduate,3,,,,,,1,,,,5,No
9/5/2025 15:10:33,9/5/2025,Undergraduate,,,1,,,,,,,,5,No
9/5/2025 15:12:24,9/5/2025,Undergraduate,,,,,,,,1,,,5,Yes
9/5/2025 15:36:10,9/5/2025,Undergraduate,,1,,,,,,,,,5,No
9/5/2025 15:51:55,9/5/2025,Undergraduate,1,,3,,,,,,,,5,Yes
9/5/2025 15:54:46,9/5/2025,Undergraduate,,,1,,,,,,,,5,No
9/12/2025 10:07:18,9/12/2025,Undergraduate,,,,,,,,1,,,5,Yes
9/12/2025 11:18:09,9/12/2025,Undergraduate,,,3,,,,,,,,5,No
9/12/2025 11:19:01,9/12/2025,Undergraduate,3,,,1,,,,,,,5,No
9/12/2025 11:36:53,9/12/2025,Undergraduate,1,,,1,,,,,,,5,Yes
9/12/2025 11:37:34,9/12/2025,Undergraduate,1,,1,,,,,,,,5,Yes
9/12/2025 11:40:24,9/12/2025,Undergraduate,1,,,,,,,,,,5,No
9/12/2025 11:49:31,9/12/2025,Undergraduate,1,1,,1,,1,,,,,5,No
9/12/2025 11:57:06,9/12/2025,Undergraduate,1,,,,,,1,,,,5,No
9/12/2025 12:10:12,9/12/2025,Undergraduate,,,2,1,,,,,,,5,No
9/12/2025 12:11:26,9/12/2025,Undergraduate,1,,,,,,,1,,,4,No
9/12/2025 12:21:08,9/12/2025,Graduate,,,1,1,,,,,,,5,Yes
9/12/2025 12:40:20,9/12/2025,Undergraduate,1,,,,,,,,,1,5,Yes
9/12/2025 12:51:27,9/12/2025,Graduate,1,,,,,,,,,,5,Donated at blue bin
9/12/2025 12:51:47,9/12/2025,Undergraduate,1,,,,,,,2,,,5,No
9/12/2025 13:01:55,9/12/2025,Undergraduate,1,,,,1,,,1,,,5,No
9/12/2025 13:03:07,9/12/2025,Undergraduate,1,,1,,1,,1,,,,5,Yes
9/12/2025 13:04:04,9/12/2025,Undergraduate,2,,2,,,,,,,,5,No
9/12/2025 13:05:08,9/12/2025,Undergraduate,4,,1,,,,,,,,5,No
9/12/2025 13:12:25,9/12/2025,Undergraduate,1,,,,,,,,,,5,No
9/12/2025 13:14:50,9/12/2025,Undergraduate,,1,1,,,,,,,,5,Donated at blue bin
9/12/2025 13:18:49,9/12/2025,Undergraduate,1,,,,,,,,2,,5,No
9/12/2025 13:31:23,9/12/2025,Undergraduate,,1,1,,1,,,,,,5,No
9/12/2025 13:31:51,9/12/2025,Undergraduate,1,2,,,1,,,,,,5,No
9/12/2025 13:34:26,9/12/2025,Undergraduate,1,,,,,,,,,,5,Yes
9/12/2025 13:39:57,9/12/2025,Undergraduate,,1,,,,,2,,,,5,Donated at blue bin
9/12/2025 13:43:28,9/12/2025,Undergraduate,,,1,,,,,,,,5,Yes
9/12/2025 13:44:15,9/12/2025,Undergraduate,,,1,,,,,,,,4,No
9/12/2025 13:44:38,9/12/2025,Undergraduate,,,,1,,,,,,,4,No
9/12/2025 13:46:04,9/12/2025,Undergraduate,2,,,,1,1,,,,1,5,No
9/12/2025 13:46:57,9/12/2025,Undergraduate,1,3,1,,,,,,,,5,Yes
9/12/2025 13:47:53,9/12/2025,Undergraduate,,,,,,,,,,1,5,Yes
9/12/2025 13:58:26,9/12/2025,Graduate,4,,,2,,,1,1,,,5,Donated at blue bin
9/12/2025 14:17:52,9/12/2025,Undergraduate,1,,,3,,,,,,,5,No
9/12/2025 14:20:31,9/12/2025,Undergraduate,,,1,1,,,,,,,5,No
9/12/2025 14:21:21,9/12/2025,Undergraduate,1,,,,,,,,,,5,Yes
9/12/2025 14:22:39,9/12/2025,Undergraduate,1,,,1,,,,,,,5,Yes
9/12/2025 14:23:35,9/12/2025,Undergraduate,2,,1,2,,1,,,2,,5,Yes
9/12/2025 14:41:03,9/12/2025,Undergraduate,,,2,,,1,,,,,5,Donated at blue bin
9/12/2025 14:45:55,9/12/2025,Undergraduate,,1,,1,,,,,,,5,Yes
9/12/2025 14:46:38,9/12/2025,Undergraduate,,1,,1,,,,,,,5,Donated at blue bin
9/12/2025 14:47:24,9/12/2025,Undergraduate,,,,,,,,1,,,5,No
9/12/2025 14:47:38,9/12/2025,Undergraduate,,,,,,,,,1,,5,No
9/12/2025 14:54:42,9/12/2025,Undergraduate,2,,,1,,,,,,,5,No
9/12/2025 15:00:32,9/12/2025,Undergraduate,2,,,,,,,,,,5,No
9/12/2025 15:00:45,9/12/2025,Undergraduate,2,,,,,,,,,,5,No
9/12/2025 15:04:32,9/12/2025,Undergraduate,,,,2,,,,,,,5,Yes
9/12/2025 15:06:14,9/12/2025,Undergraduate,3,,2,4,,3,,,,,5,Yes
9/12/2025 15:13:23,9/12/2025,Undergraduate,,,,1,,,,,,,5,No
9/12/2025 15:25:43,9/12/2025,Graduate,4,2,,3,,,,,,,5,Yes
9/12/2025 15:34:23,9/12/2025,Graduate,,,3,,1,,2,,,,5,Donated at blue bin
9/12/2025 15:34:58,9/12/2025,Graduate,1,1,1,,,,,,,,5,Yes
9/12/2025 15:41:00,9/12/2025,Undergraduate,,,,1,,,,,,,5,No
9/12/2025 15:47:56,9/12/2025,Undergraduate,2,1,,,,,,,,,5,No
9/12/2025 15:49:02,9/12/2025,Non-GW-affiliated community member,,,1,,,,,,,,5,No
9/12/2025 15:49:58,9/12/2025,Undergraduate,1,1,1,,,,,,,,5,No
9/12/2025 15:58:07,9/12/2025,Undergraduate,2,,,1,,,,,,,5,Yes
9/12/2025 15:58:49,9/12/2025,Undergraduate,1,,,,,,,,,,5,No
9/12/2025 16:04:24,9/12/2025,Undergraduate,1,,2,,1,,,,,,5,Yes
9/19/2025 10:08:32,9/19/2025,Undergraduate,,1,,,,,,,,,5,No
9/19/2025 10:31:47,9/19/2025,Undergraduate,,,,,,,,,,1,5,No
9/19/2025 10:32:17,9/19/2025,Undergraduate,,,3,1,,,,,,,5,No
9/19/2025 10:34:03,9/19/2025,Undergraduate,1,,2,,,,,,1,,5,No
9/19/2025 10:35:00,9/19/2025,Undergraduate,2,,1,,,1,,,,,5,Yes
9/19/2025 10:35:39,9/19/2025,Undergraduate,1,,,,2,,,,,,5,No
9/19/2025 10:46:44,9/19/2025,Undergraduate,1,,,1,,,,,,,5,Yes
9/19/2025 10:52:21,9/19/2025,Undergraduate,,,,,,,,,1,,5,Yes
9/19/2025 10:58:11,9/19/2025,Undergraduate,,,1,,,,,,,,5,Yes
9/19/2025 11:29:01,9/19/2025,Undergraduate,3,,,,,,1,1,,,5,No
9/19/2025 11:30:05,9/19/2025,Undergraduate,1,,,1,,,,,,,5,No
9/19/2025 11:31:57,9/19/2025,Undergraduate,4,,,,,,1,,,,5,No
9/19/2025 11:39:22,9/19/2025,Undergraduate,,2,,1,,,,,,,5,No
9/19/2025 11:47:48,9/19/2025,Undergraduate,,,,1,,,,,,,5,Donated at blue bin
9/19/2025 11:56:38,9/19/2025,Graduate,4,,,,1,,1,,,,5,Yes
9/19/2025 12:15:33,9/19/2025,Undergraduate,,,2,,,,,,,,5,No
9/19/2025 12:16:33,9/19/2025,Undergraduate,1,1,1,1,1,1,1,1,1,1,5,No
9/19/2025 12:19:06,9/19/2025,Undergraduate,,,,,2,,3,,,,5,Yes
9/19/2025 12:28:54,9/19/2025,Staff,1,,1,1,,,,,,,5,Donated at blue bin
9/19/2025 12:29:32,9/19/2025,Staff,,,,1,1,,,,,,5,Donated at blue bin
9/19/2025 12:30:29,9/19/2025,Undergraduate,2,,,1,,,,,,1,5,Yes
9/19/2025 12:41:39,9/19/2025,Undergraduate,,1,,1,,,,,,,5,No
9/19/2025 12:43:08,9/19/2025,Undergraduate,,,,,,1,,,,,5,No
9/19/2025 12:53:01,9/19/2025,Undergraduate,1,,,1,,,,,,,5,Yes
9/19/2025 12:56:34,9/19/2025,Undergraduate,,1,,1,,1,,,,,5,Yes
9/19/2025 12:57:52,9/19/2025,Undergraduate,,1,,,,,1,,,,5,Yes
9/19/2025 13:00:23,9/19/2025,Undergraduate,1,,,,,,,,,,5,No
9/19/2025 13:11:57,9/19/2025,Undergraduate,,1,,,,,,1,,,5,Yes
9/19/2025 13:22:11,9/19/2025,Undergraduate,,,,,1,,,,,,5,No
9/19/2025 13:22:48,9/19/2025,Undergraduate,1,,,,,1,,,,,5,No
9/19/2025 13:25:05,9/19/2025,Undergraduate,1,,,,,,,1,,,5,Donated at blue bin
9/19/2025 13:34:08,9/19/2025,Undergraduate,2,,,,,,,,1,,5,Yes
9/19/2025 13:34:40,9/19/2025,Undergraduate,,,,1,,,,,,,5,No
9/19/2025 13:35:41,9/19/2025,Undergraduate,1,,,,,,,,,,5,Yes
9/19/2025 13:36:03,9/19/2025,Undergraduate,,,,1,,,1,,,,5,Yes
9/19/2025 13:36:57,9/19/2025,Undergraduate,2,,,,,2,,,,,5,Donated at blue bin
9/19/2025 13:37:32,9/19/2025,Undergraduate,1,,,1,,,,,,3,5,No
9/19/2025 13:38:04,9/19/2025,Undergraduate,,,,1,1,,,,,,5,Yes
9/19/2025 13:38:53,9/19/2025,Undergraduate,,,,,1,,1,,,,5,No
9/19/2025 13:39:24,9/19/2025,Undergraduate,,1,1,,,,,,,,5,No
9/19/2025 13:39:49,9/19/2025,Undergraduate,1,1,2,,,,,,,,5,No
9/19/2025 13:40:56,9/19/2025,Undergraduate,,3,1,2,,,,,,,5,Yes
9/19/2025 13:42:58,9/19/2025,Undergraduate,1,,,,,1,1,,,,5,No
9/19/2025 13:44:13,9/19/2025,Undergraduate,,1,,1,,,,,,,5,No
9/19/2025 13:45:56,9/19/2025,Undergraduate,,,2,,,,,,,1,5,No
9/19/2025 14:06:40,9/19/2025,Undergraduate,,2,,,,,,,,,5,No
9/19/2025 14:07:41,9/19/2025,Undergraduate,,,,,,,,,,1,5,No
9/19/2025 14:07:41,9/19/2025,Undergraduate,,,,,,,,,,1,4,No
9/19/2025 14:38:00,9/19/2025,Undergraduate,2,,,,,,,,,,5,No
9/19/2025 14:39:55,9/19/2025,Undergraduate,1,,,,,,,,,,5,No
9/19/2025 14:42:22,9/19/2025,Undergraduate,,,1,,,,,,,,5,Yes
9/19/2025 14:44:16,9/19/2025,Undergraduate,,,1,,,,2,,,,5,Yes
9/19/2025 14:45:03,9/19/2025,Undergraduate,3,,,,,,,,,,5,Yes
9/19/2025 14:52:22,9/19/2025,Undergraduate,,2,,,,,1,,,,5,No
9/19/2025 14:56:56,9/19/2025,Undergraduate,2,1,,1,,1,,1,,,5,Yes
9/19/2025 15:03:45,9/19/2025,Undergraduate,5,,,3,,,,,,1,5,Donated at blue bin
9/19/2025 15:05:22,9/19/2025,Undergraduate,,,,,,,,1,,,5,No
9/19/2025 15:17:21,9/19/2025,Undergraduate,,,,,,,,,,1,5,No
9/19/2025 15:30:45,9/19/2025,Staff,2,,3,1,,,,2,,,5,Donated at blue bin
9/19/2025 15:31:28,9/19/2025,Undergraduate,,,,,,,1,,,,5,No
9/19/2025 15:38:27,9/19/2025,Undergraduate,4,,,,,,,,,,5,No
9/19/2025 15:54:08,9/19/2025,Undergraduate,,,,1,,,,,,,5,No
9/19/2025 16:02:51,9/19/2025,Undergraduate,1,,,,,,,,,,5,No
9/19/2025 16:03:28,9/19/2025,Undergraduate,,,1,,,,,,,,5,No
9/19/2025 16:03:40,9/19/2025,Undergraduate,1,,,,,,,,,,5,No
9/19/2025 16:03:54,9/19/2025,Undergraduate,1,,,2,,,,,,,5,No
9/19/2025 16:11:32,9/19/2025,Undergraduate,,2,,,,,,,,,5,No
9/25/2025 16:23:30,9/25/2025,Undergraduate,1,,,,,,,,,,5,No
9/25/2025 16:51:01,9/25/2025,Graduate,3,,,2,,,,,,,5,Yes
9/25/2025 17:21:46,9/25/2025,Undergraduate,1,,,,,,,,,,5,No
9/25/2025 17:21:52,9/25/2025,Undergraduate,2,,,,,,1,,,,5,No
9/25/2025 17:23:04,9/25/2025,Undergraduate,3,,,1,,,,,,,5,No
9/25/2025 17:24:07,9/25/2025,Undergraduate,1,,,,,1,,,,,4,No
9/25/2025 17:55:51,9/25/2025,Undergraduate,,,,,,,,1,,,5,No
9/25/2025 17:57:06,9/25/2025,Undergraduate,3,,,,,,1,,,,5,No
9/25/2025 18:34:10,9/25/2025,Undergraduate,,,5,,,,,,,,5,No
9/25/2025 18:35:26,9/25/2025,Undergraduate,2,,,,,,,,,,5,No
9/25/2025 18:36:41,9/25/2025,Undergraduate,2,,,,,,,,,,5,No
9/25/2025 18:41:12,9/25/2025,Undergraduate,1,,2,,,1,1,,,,5,No
9/25/2025 18:42:51,9/25/2025,Undergraduate,,,,,,,1,,,,5,No
9/26/2025 10:30:30,9/26/2025,Undergraduate,2,,,,1,,,,,,5,No
9/26/2025 10:32:00,9/26/2025,Undergraduate,,,,,,,1,,,,5,No
9/26/2025 10:50:09,9/26/2025,Undergraduate,1,,,,,1,1,,,,5,Yes
9/26/2025 10:52:36,9/26/2025,Undergraduate,1,,,,1,,,1,,1,5,No
9/26/2025 11:20:50,9/26/2025,Undergraduate,,1,,,,,,,,,5,No
9/26/2025 11:22:01,9/26/2025,Undergraduate,,,,,,,2,,,,5,No
9/26/2025 11:23:34,9/26/2025,Undergraduate,,3,,,,,,1,,,5,No
9/26/2025 11:51:41,9/26/2025,Graduate,6,,,2,,,1,,1,,5,Yes
9/26/2025 11:53:27,9/26/2025,Undergraduate,,,1,3,,,,,,,5,Yes
9/26/2025 12:16:08,9/26/2025,Graduate,,2,,2,,,,,,,5,Yes
9/26/2025 12:26:42,9/26/2025,Undergraduate,,,,,,2,,,,,3,No
9/26/2025 12:31:42,9/26/2025,Undergraduate,1,,,,,,,,,,5,No
9/26/2025 12:34:16,9/26/2025,Undergraduate,2,,,1,,,,,,,5,No
9/26/2025 12:45:28,9/26/2025,Undergraduate,2,,,1,,,,,,2,5,No
9/26/2025 12:46:25,9/26/2025,Undergraduate,,,,,1,1,,,1,,5,No
9/26/2025 13:00:03,9/26/2025,Undergraduate,,,,3,,,,1,,,5,No
9/26/2025 13:15:23,9/26/2025,Undergraduate,1,,,,,,,,,,5,No
9/26/2025 13:16:17,9/26/2025,Undergraduate,1,,,,,,,,,,5,No
9/26/2025 13:31:31,9/26/2025,Undergraduate,,,,1,,,,,,,5,No
9/26/2025 13:34:36,9/26/2025,Undergraduate,,,2,,,,,,,1,5,No
9/26/2025 13:52:09,9/26/2025,Undergraduate,3,,,2,,,,,,,5,No
9/26/2025 14:07:28,9/26/2025,Undergraduate,2,,,1,,,1,,,,5,No
9/26/2025 14:20:45,9/26/2025,Undergraduate,1,,,,1,,,,,,5,Donated at blue bin
9/26/2025 14:32:59,9/26/2025,Undergraduate,1,,,1,,1,,,,,5,Yes
9/26/2025 14:39:44,9/26/2025,Undergraduate,,1,,,,,,,,,5,Donated at blue bin
9/26/2025 15:07:52,9/26/2025,Undergraduate,1,,2,,,,,,,,5,No
9/26/2025 15:49:14,9/26/2025,Undergraduate,,,,1,,,,,,,5,Donated at blue bin
10/2/2025 16:01:16,10/2/2025,Undergraduate,2,,1,,1,,,,,,5,No
10/2/2025 16:11:54,10/2/2025,Undergraduate,1,,,,1,2,1,,,,5,No
10/2/2025 16:13:50,10/2/2025,Undergraduate,2,,,,,,,,,,5,No
10/2/2025 16:27:31,10/2/2025,Undergraduate,,,1,,,,,,,,4,Yes
10/2/2025 16:28:09,10/2/2025,Undergraduate,,,,,,,1,,,,5,Yes
10/2/2025 17:05:01,10/2/2025,Undergraduate,1,,,,,,,,,,5,No
10/2/2025 17:09:50,10/2/2025,Undergraduate,2,,,1,,,,2,,,5,Yes
10/2/2025 17:49:29,10/2/2025,Undergraduate,,1,,,,,,,,2,5,No
10/2/2025 17:59:42,10/2/2025,Undergraduate,3,,1,,,,,,,,5,No
10/2/2025 18:58:34,10/2/2025,Undergraduate,1,,,1,,,,,1,1,5,No
10/2/2025 19:00:53,10/2/2025,Undergraduate,,,3,1,1,,,,,,5,No
10/2/2025 19:00:57,10/2/2025,Undergraduate,6,,,1,,,,,,1,5,Yes
10/3/2025 10:16:51,10/3/2025,Undergraduate,1,,,,,1,,,,,5,No
